84EEC315-EEB4-4D4B-8CD5-00C92C18CA65,Kerbal Space Program on Steam,https://store.steampowered.com/app/220200/Kerbal_Space_Program/,"In Kerbal Space Program, take charge of the space program for the alien race known as the Kerbals. You have access to an array of parts to assemble fully-functional spacecraft that flies (or doesn't) based on realistic aerodynamic and orbital physics.",39.99,Very Positive,https://cdn.cloudflare.steamstatic.com/steam/apps/220200/capsule_231x87.jpg?t=1624555019,,2022-01-11 19:50:07.9333333,,2022-01-11 19:50:07.9333333,,
0069E1E0-2F0F-4FD4-BEFE-039ECB72E350,Kerbal Space Program on Steam,https://store.steampowered.com/app/220200/Kerbal_Space_Program/,"In Kerbal Space Program, take charge of the space program for the alien race known as the Kerbals. You have access to an array of parts to assemble fully-functional spacecraft that flies (or doesn't) based on realistic aerodynamic and orbital physics.",39.99,Very Positive,https://cdn.cloudflare.steamstatic.com/steam/apps/220200/capsule_231x87.jpg?t=1624555019,,2022-01-11 19:50:07.8633333,,2022-01-11 19:50:07.8633333,,
896C0A85-1D1C-4A77-956E-0D11D227539A,Kerbal Space Program on Steam,https://store.steampowered.com/app/220200/Kerbal_Space_Program/,"In Kerbal Space Program, take charge of the space program for the alien race known as the Kerbals. You have access to an array of parts to assemble fully-functional spacecraft that flies (or doesn't) based on realistic aerodynamic and orbital physics.",39.99,Very Positive,https://cdn.cloudflare.steamstatic.com/steam/apps/220200/capsule_231x87.jpg?t=1624555019,,2022-01-11 19:50:07.6300000,,2022-01-11 19:50:07.6300000,,
59E35C50-D73C-44FD-8994-0F70D29AC6BC,Kerbal Space Program on Steam,https://store.steampowered.com/app/220200/Kerbal_Space_Program/,"In Kerbal Space Program, take charge of the space program for the alien race known as the Kerbals. You have access to an array of parts to assemble fully-functional spacecraft that flies (or doesn't) based on realistic aerodynamic and orbital physics.",39.99,Very Positive,https://cdn.cloudflare.steamstatic.com/steam/apps/220200/capsule_231x87.jpg?t=1624555019,,2022-01-11 19:50:08.2833333,,2022-01-11 19:50:08.2833333,,
662623AA-2BAD-4119-B60A-14F82DE25ED7,Kerbal Space Program on Steam,https://store.steampowered.com/app/220200/Kerbal_Space_Program/,"In Kerbal Space Program, take charge of the space program for the alien race known as the Kerbals. You have access to an array of parts to assemble fully-functional spacecraft that flies (or doesn't) based on realistic aerodynamic and orbital physics.",39.99,Very Positive,https://cdn.cloudflare.steamstatic.com/steam/apps/220200/capsule_231x87.jpg?t=1624555019,,2022-01-11 19:50:07.5333333,,2022-01-11 19:50:07.5333333,,
353E86E9-F172-4CB2-830D-15A35EF8D828,Kerbal Space Program on Steam,https://store.steampowered.com/app/220200/Kerbal_Space_Program/,"In Kerbal Space Program, take charge of the space program for the alien race known as the Kerbals. You have access to an array of parts to assemble fully-functional spacecraft that flies (or doesn't) based on realistic aerodynamic and orbital physics.",39.99,Very Positive,https://cdn.cloudflare.steamstatic.com/steam/apps/220200/capsule_231x87.jpg?t=1624555019,,2022-01-11 19:50:08.5300000,,2022-01-11 19:50:08.5300000,,
3CAE98B9-0CE9-435D-90BB-16138A2D20B1,Kerbal Space Program on Steam,https://store.steampowered.com/app/220200/Kerbal_Space_Program/,"In Kerbal Space Program, take charge of the space program for the alien race known as the Kerbals. You have access to an array of parts to assemble fully-functional spacecraft that flies (or doesn't) based on realistic aerodynamic and orbital physics.",39.99,Very Positive,https://cdn.cloudflare.steamstatic.com/steam/apps/220200/capsule_231x87.jpg?t=1624555019,,2022-01-11 19:50:07.9200000,,2022-01-11 19:50:07.9200000,,
88736898-2A54-4F76-81D8-1758959F16B9,Kerbal Space Program on Steam,https://store.steampowered.com/app/220200/Kerbal_Space_Program/,"In Kerbal Space Program, take charge of the space program for the alien race known as the Kerbals. You have access to an array of parts to assemble fully-functional spacecraft that flies (or doesn't) based on realistic aerodynamic and orbital physics.",39.99,Very Positive,https://cdn.cloudflare.steamstatic.com/steam/apps/220200/capsule_231x87.jpg?t=1624555019,,2022-01-11 19:50:07.2033333,,2022-01-11 19:50:07.2033333,,
F89B4E3D-E03B-4E5E-8673-1E4B319C9AFB,Kerbal Space Program on Steam,https://store.steampowered.com/app/220200/Kerbal_Space_Program/,"In Kerbal Space Program, take charge of the space program for the alien race known as the Kerbals. You have access to an array of parts to assemble fully-functional spacecraft that flies (or doesn't) based on realistic aerodynamic and orbital physics.",39.99,Very Positive,https://cdn.cloudflare.steamstatic.com/steam/apps/220200/capsule_231x87.jpg?t=1624555019,,2022-01-11 19:50:07.7400000,,2022-01-11 19:50:07.7400000,,
2266366C-5AE4-4BDE-AE25-257E8B9FAC77,Kerbal Space Program on Steam,https://store.steampowered.com/app/220200/Kerbal_Space_Program/,"In Kerbal Space Program, take charge of the space program for the alien race known as the Kerbals. You have access to an array of parts to assemble fully-functional spacecraft that flies (or doesn't) based on realistic aerodynamic and orbital physics.",39.99,Very Positive,https://cdn.cloudflare.steamstatic.com/steam/apps/220200/capsule_231x87.jpg?t=1624555019,,2022-01-11 19:50:08.0033333,,2022-01-11 19:50:08.0033333,,
121BDEDD-4372-4BAD-95C4-28317D4F05D2,Kerbal Space Program on Steam,https://store.steampowered.com/app/220200/Kerbal_Space_Program/,"In Kerbal Space Program, take charge of the space program for the alien race known as the Kerbals. You have access to an array of parts to assemble fully-functional spacecraft that flies (or doesn't) based on realistic aerodynamic and orbital physics.",39.99,Very Positive,https://cdn.cloudflare.steamstatic.com/steam/apps/220200/capsule_231x87.jpg?t=1624555019,,2022-01-11 19:50:07.4233333,,2022-01-11 19:50:07.4233333,,
0B9D10CD-FA6E-4C8D-8A64-292CF5F9FBC2,Kerbal Space Program on Steam,https://store.steampowered.com/app/220200/Kerbal_Space_Program/,"In Kerbal Space Program, take charge of the space program for the alien race known as the Kerbals. You have access to an array of parts to assemble fully-functional spacecraft that flies (or doesn't) based on realistic aerodynamic and orbital physics.",39.99,Very Positive,https://cdn.cloudflare.steamstatic.com/steam/apps/220200/capsule_231x87.jpg?t=1624555019,,2022-01-11 19:50:07.1166667,,2022-01-11 19:50:07.1166667,,
2D5E5E74-278B-4683-832C-2990A3F25D7A,Kerbal Space Program on Steam,https://store.steampowered.com/app/220200/Kerbal_Space_Program/,"In Kerbal Space Program, take charge of the space program for the alien race known as the Kerbals. You have access to an array of parts to assemble fully-functional spacecraft that flies (or doesn't) based on realistic aerodynamic and orbital physics.",39.99,Very Positive,https://cdn.cloudflare.steamstatic.com/steam/apps/220200/capsule_231x87.jpg?t=1624555019,,2022-01-11 19:50:08.4333333,,2022-01-11 19:50:08.4333333,,
86CA6DAF-4BD4-4080-9E37-2AE90EE67D17,Kerbal Space Program on Steam,https://store.steampowered.com/app/220200/Kerbal_Space_Program/,"In Kerbal Space Program, take charge of the space program for the alien race known as the Kerbals. You have access to an array of parts to assemble fully-functional spacecraft that flies (or doesn't) based on realistic aerodynamic and orbital physics.",39.99,Very Positive,https://cdn.cloudflare.steamstatic.com/steam/apps/220200/capsule_231x87.jpg?t=1624555019,,2022-01-11 19:50:07.0033333,,2022-01-11 19:50:07.0033333,,
39BE576A-E025-4C79-A26E-2DAFC8AD7A98,Kerbal Space Program on Steam,https://store.steampowered.com/app/220200/Kerbal_Space_Program/,"In Kerbal Space Program, take charge of the space program for the alien race known as the Kerbals. You have access to an array of parts to assemble fully-functional spacecraft that flies (or doesn't) based on realistic aerodynamic and orbital physics.",39.99,Very Positive,https://cdn.cloudflare.steamstatic.com/steam/apps/220200/capsule_231x87.jpg?t=1624555019,,2022-01-11 19:50:07.8100000,,2022-01-11 19:50:07.8100000,,
75761690-1465-43F4-AFD0-2DDF3124FC63,Kerbal Space Program on Steam,https://store.steampowered.com/app/220200/Kerbal_Space_Program/,"In Kerbal Space Program, take charge of the space program for the alien race known as the Kerbals. You have access to an array of parts to assemble fully-functional spacecraft that flies (or doesn't) based on realistic aerodynamic and orbital physics.",39.99,Very Positive,https://cdn.cloudflare.steamstatic.com/steam/apps/220200/capsule_231x87.jpg?t=1624555019,,2022-01-11 19:50:07.9766667,,2022-01-11 19:50:07.9766667,,
07869A99-5228-4C1C-86B4-3391C6B8B2D1,Kerbal Space Program on Steam,https://store.steampowered.com/app/220200/Kerbal_Space_Program/,"In Kerbal Space Program, take charge of the space program for the alien race known as the Kerbals. You have access to an array of parts to assemble fully-functional spacecraft that flies (or doesn't) based on realistic aerodynamic and orbital physics.",39.99,Very Positive,https://cdn.cloudflare.steamstatic.com/steam/apps/220200/capsule_231x87.jpg?t=1624555019,,2022-01-11 19:50:07.9633333,,2022-01-11 19:50:07.9633333,,
3882420C-D340-4381-9226-37F46C02F07B,Kerbal Space Program on Steam,https://store.steampowered.com/app/220200/Kerbal_Space_Program/,"In Kerbal Space Program, take charge of the space program for the alien race known as the Kerbals. You have access to an array of parts to assemble fully-functional spacecraft that flies (or doesn't) based on realistic aerodynamic and orbital physics.",39.99,Very Positive,https://cdn.cloudflare.steamstatic.com/steam/apps/220200/capsule_231x87.jpg?t=1624555019,,2022-01-11 19:50:08.0633333,,2022-01-11 19:50:08.0633333,,
A059325C-CC9C-43F3-9995-399DD4C77ECF,Kerbal Space Program on Steam,https://store.steampowered.com/app/220200/Kerbal_Space_Program/,"In Kerbal Space Program, take charge of the space program for the alien race known as the Kerbals. You have access to an array of parts to assemble fully-functional spacecraft that flies (or doesn't) based on realistic aerodynamic and orbital physics.",39.99,Very Positive,https://cdn.cloudflare.steamstatic.com/steam/apps/220200/capsule_231x87.jpg?t=1624555019,,2022-01-11 19:50:07.2166667,,2022-01-11 19:50:07.2166667,,
C57AF2FE-A31A-4748-8FB8-39FC2CCF2D59,Kerbal Space Program on Steam,https://store.steampowered.com/app/220200/Kerbal_Space_Program/,"In Kerbal Space Program, take charge of the space program for the alien race known as the Kerbals. You have access to an array of parts to assemble fully-functional spacecraft that flies (or doesn't) based on realistic aerodynamic and orbital physics.",39.99,Very Positive,https://cdn.cloudflare.steamstatic.com/steam/apps/220200/capsule_231x87.jpg?t=1624555019,,2022-01-11 19:50:07.3400000,,2022-01-11 19:50:07.3400000,,
F3D4F0D5-3120-415E-AA0A-3B6C87AF8685,Kerbal Space Program on Steam,https://store.steampowered.com/app/220200/Kerbal_Space_Program/,"In Kerbal Space Program, take charge of the space program for the alien race known as the Kerbals. You have access to an array of parts to assemble fully-functional spacecraft that flies (or doesn't) based on realistic aerodynamic and orbital physics.",39.99,Very Positive,https://cdn.cloudflare.steamstatic.com/steam/apps/220200/capsule_231x87.jpg?t=1624555019,,2022-01-11 19:50:07.3000000,,2022-01-11 19:50:07.3000000,,
7ADB7BA0-A296-4A1E-8C8C-3CEF2EAB4017,Kerbal Space Program on Steam,https://store.steampowered.com/app/220200/Kerbal_Space_Program/,"In Kerbal Space Program, take charge of the space program for the alien race known as the Kerbals. You have access to an array of parts to assemble fully-functional spacecraft that flies (or doesn't) based on realistic aerodynamic and orbital physics.",39.99,Very Positive,https://cdn.cloudflare.steamstatic.com/steam/apps/220200/capsule_231x87.jpg?t=1624555019,,2022-01-11 19:50:07.4633333,,2022-01-11 19:50:07.4633333,,
85E32665-DA73-445E-B40B-3FA95487BC70,Kerbal Space Program on Steam,https://store.steampowered.com/app/220200/Kerbal_Space_Program/,"In Kerbal Space Program, take charge of the space program for the alien race known as the Kerbals. You have access to an array of parts to assemble fully-functional spacecraft that flies (or doesn't) based on realistic aerodynamic and orbital physics.",39.99,Very Positive,https://cdn.cloudflare.steamstatic.com/steam/apps/220200/capsule_231x87.jpg?t=1624555019,,2022-01-11 19:50:07.1733333,,2022-01-11 19:50:07.1733333,,
9FDA0855-F143-4876-9C57-3FAFC192B56B,Kerbal Space Program on Steam,https://store.steampowered.com/app/220200/Kerbal_Space_Program/,"In Kerbal Space Program, take charge of the space program for the alien race known as the Kerbals. You have access to an array of parts to assemble fully-functional spacecraft that flies (or doesn't) based on realistic aerodynamic and orbital physics.",39.99,Very Positive,https://cdn.cloudflare.steamstatic.com/steam/apps/220200/capsule_231x87.jpg?t=1624555019,,2022-01-11 19:50:07.6966667,,2022-01-11 19:50:07.6966667,,
6E5F9347-AB7F-40B4-9987-41EE72713BF7,Kerbal Space Program on Steam,https://store.steampowered.com/app/220200/Kerbal_Space_Program/,"In Kerbal Space Program, take charge of the space program for the alien race known as the Kerbals. You have access to an array of parts to assemble fully-functional spacecraft that flies (or doesn't) based on realistic aerodynamic and orbital physics.",39.99,Very Positive,https://cdn.cloudflare.steamstatic.com/steam/apps/220200/capsule_231x87.jpg?t=1624555019,,2022-01-11 19:50:07.5733333,,2022-01-11 19:50:07.5733333,,
7130FA08-3271-43AC-AC74-4291AC7BEB80,Kerbal Space Program on Steam,https://store.steampowered.com/app/220200/Kerbal_Space_Program/,"In Kerbal Space Program, take charge of the space program for the alien race known as the Kerbals. You have access to an array of parts to assemble fully-functional spacecraft that flies (or doesn't) based on realistic aerodynamic and orbital physics.",39.99,Very Positive,https://cdn.cloudflare.steamstatic.com/steam/apps/220200/capsule_231x87.jpg?t=1624555019,,2022-01-11 19:50:07.0433333,,2022-01-11 19:50:07.0433333,,
8C57C4E6-B78E-4608-9040-4308C0B705D4,Kerbal Space Program on Steam,https://store.steampowered.com/app/220200/Kerbal_Space_Program/,"In Kerbal Space Program, take charge of the space program for the alien race known as the Kerbals. You have access to an array of parts to assemble fully-functional spacecraft that flies (or doesn't) based on realistic aerodynamic and orbital physics.",39.99,Very Positive,https://cdn.cloudflare.steamstatic.com/steam/apps/220200/capsule_231x87.jpg?t=1624555019,,2022-01-11 19:50:07.7966667,,2022-01-11 19:50:07.7966667,,
0486892C-2ABC-4D34-9A20-441BB9F62E39,Kerbal Space Program on Steam,https://store.steampowered.com/app/220200/Kerbal_Space_Program/,"In Kerbal Space Program, take charge of the space program for the alien race known as the Kerbals. You have access to an array of parts to assemble fully-functional spacecraft that flies (or doesn't) based on realistic aerodynamic and orbital physics.",39.99,Very Positive,https://cdn.cloudflare.steamstatic.com/steam/apps/220200/capsule_231x87.jpg?t=1624555019,,2022-01-11 19:50:07.7233333,,2022-01-11 19:50:07.7233333,,
0CD65CBE-F801-4BCB-B837-4460D9D682AB,Kerbal Space Program on Steam,https://store.steampowered.com/app/220200/Kerbal_Space_Program/,"In Kerbal Space Program, take charge of the space program for the alien race known as the Kerbals. You have access to an array of parts to assemble fully-functional spacecraft that flies (or doesn't) based on realistic aerodynamic and orbital physics.",39.99,Very Positive,https://cdn.cloudflare.steamstatic.com/steam/apps/220200/capsule_231x87.jpg?t=1624555019,,2022-01-11 19:50:07.9500000,,2022-01-11 19:50:07.9500000,,
D9157BB3-45AA-443E-8551-46567AFFB6F4,Kerbal Space Program on Steam,https://store.steampowered.com/app/220200/Kerbal_Space_Program/,"In Kerbal Space Program, take charge of the space program for the alien race known as the Kerbals. You have access to an array of parts to assemble fully-functional spacecraft that flies (or doesn't) based on realistic aerodynamic and orbital physics.",39.99,Very Positive,https://cdn.cloudflare.steamstatic.com/steam/apps/220200/capsule_231x87.jpg?t=1624555019,,2022-01-11 19:50:07.6700000,,2022-01-11 19:50:07.6700000,,
86A91F49-BE6A-4C9E-82EB-46D93CB71258,Kerbal Space Program on Steam,https://store.steampowered.com/app/220200/Kerbal_Space_Program/,"In Kerbal Space Program, take charge of the space program for the alien race known as the Kerbals. You have access to an array of parts to assemble fully-functional spacecraft that flies (or doesn't) based on realistic aerodynamic and orbital physics.",39.99,Very Positive,https://cdn.cloudflare.steamstatic.com/steam/apps/220200/capsule_231x87.jpg?t=1624555019,,2022-01-11 19:50:07.6166667,,2022-01-11 19:50:07.6166667,,
2FAC6BCF-B184-49F5-BC5B-48DCE51FEC39,Kerbal Space Program on Steam,https://store.steampowered.com/app/220200/Kerbal_Space_Program/,"In Kerbal Space Program, take charge of the space program for the alien race known as the Kerbals. You have access to an array of parts to assemble fully-functional spacecraft that flies (or doesn't) based on realistic aerodynamic and orbital physics.",39.99,Very Positive,https://cdn.cloudflare.steamstatic.com/steam/apps/220200/capsule_231x87.jpg?t=1624555019,,2022-01-11 19:50:08.2966667,,2022-01-11 19:50:08.2966667,,
0C1CF027-C520-4ABD-A82D-4D39CF4821CD,Kerbal Space Program on Steam,https://store.steampowered.com/app/220200/Kerbal_Space_Program/,"In Kerbal Space Program, take charge of the space program for the alien race known as the Kerbals. You have access to an array of parts to assemble fully-functional spacecraft that flies (or doesn't) based on realistic aerodynamic and orbital physics.",39.99,Very Positive,https://cdn.cloudflare.steamstatic.com/steam/apps/220200/capsule_231x87.jpg?t=1624555019,,2022-01-11 19:50:07.9900000,,2022-01-11 19:50:07.9900000,,
7860F9D1-D4A3-48B9-91DE-5419D898DCFC,Kerbal Space Program on Steam,https://store.steampowered.com/app/220200/Kerbal_Space_Program/,"In Kerbal Space Program, take charge of the space program for the alien race known as the Kerbals. You have access to an array of parts to assemble fully-functional spacecraft that flies (or doesn't) based on realistic aerodynamic and orbital physics.",39.99,Very Positive,https://cdn.cloudflare.steamstatic.com/steam/apps/220200/capsule_231x87.jpg?t=1624555019,,2022-01-11 19:50:07.0866667,,2022-01-11 19:50:07.0866667,,
2E29E558-0636-4005-A66B-56986A53AB18,Kerbal Space Program on Steam,https://store.steampowered.com/app/220200/Kerbal_Space_Program/,"In Kerbal Space Program, take charge of the space program for the alien race known as the Kerbals. You have access to an array of parts to assemble fully-functional spacecraft that flies (or doesn't) based on realistic aerodynamic and orbital physics.",39.99,Very Positive,https://cdn.cloudflare.steamstatic.com/steam/apps/220200/capsule_231x87.jpg?t=1624555019,,2022-01-11 19:50:07.5466667,,2022-01-11 19:50:07.5466667,,
C92FDD68-447C-467C-823C-57F0D46F22FB,Kerbal Space Program on Steam,https://store.steampowered.com/app/220200/Kerbal_Space_Program/,"In Kerbal Space Program, take charge of the space program for the alien race known as the Kerbals. You have access to an array of parts to assemble fully-functional spacecraft that flies (or doesn't) based on realistic aerodynamic and orbital physics.",39.99,Very Positive,https://cdn.cloudflare.steamstatic.com/steam/apps/220200/capsule_231x87.jpg?t=1624555019,,2022-01-11 19:50:07.7100000,,2022-01-11 19:50:07.7100000,,
ACC50970-909D-4473-BF4E-5961285DD352,Kerbal Space Program on Steam,https://store.steampowered.com/app/220200/Kerbal_Space_Program/,"In Kerbal Space Program, take charge of the space program for the alien race known as the Kerbals. You have access to an array of parts to assemble fully-functional spacecraft that flies (or doesn't) based on realistic aerodynamic and orbital physics.",39.99,Very Positive,https://cdn.cloudflare.steamstatic.com/steam/apps/220200/capsule_231x87.jpg?t=1624555019,,2022-01-11 19:50:08.2700000,,2022-01-11 19:50:08.2700000,,
ADE8338E-1964-417C-B7D1-5BC9B7CEE337,Kerbal Space Program on Steam,https://store.steampowered.com/app/220200/Kerbal_Space_Program/,"In Kerbal Space Program, take charge of the space program for the alien race known as the Kerbals. You have access to an array of parts to assemble fully-functional spacecraft that flies (or doesn't) based on realistic aerodynamic and orbital physics.",39.99,Very Positive,https://cdn.cloudflare.steamstatic.com/steam/apps/220200/capsule_231x87.jpg?t=1624555019,,2022-01-11 19:50:07.2300000,,2022-01-11 19:50:07.2300000,,
F3EB27F9-22D7-43C4-BC9F-5D9BFAB5F3F2,Kerbal Space Program on Steam,https://store.steampowered.com/app/220200/Kerbal_Space_Program/,"In Kerbal Space Program, take charge of the space program for the alien race known as the Kerbals. You have access to an array of parts to assemble fully-functional spacecraft that flies (or doesn't) based on realistic aerodynamic and orbital physics.",39.99,Very Positive,https://cdn.cloudflare.steamstatic.com/steam/apps/220200/capsule_231x87.jpg?t=1624555019,,2022-01-11 19:50:07.4400000,,2022-01-11 19:50:07.4400000,,
D63AD84D-0B61-40E1-90F0-5F4EF20BDDFA,Kerbal Space Program on Steam,https://store.steampowered.com/app/220200/Kerbal_Space_Program/,"In Kerbal Space Program, take charge of the space program for the alien race known as the Kerbals. You have access to an array of parts to assemble fully-functional spacecraft that flies (or doesn't) based on realistic aerodynamic and orbital physics.",39.99,Very Positive,https://cdn.cloudflare.steamstatic.com/steam/apps/220200/capsule_231x87.jpg?t=1624555019,,2022-01-11 19:50:07.7800000,,2022-01-11 19:50:07.7800000,,
1E290204-3BDC-4DC5-89CF-61368D04C6A7,Kerbal Space Program on Steam,https://store.steampowered.com/app/220200/Kerbal_Space_Program/,"In Kerbal Space Program, take charge of the space program for the alien race known as the Kerbals. You have access to an array of parts to assemble fully-functional spacecraft that flies (or doesn't) based on realistic aerodynamic and orbital physics.",39.99,Very Positive,https://cdn.cloudflare.steamstatic.com/steam/apps/220200/capsule_231x87.jpg?t=1624555019,,2022-01-11 19:50:08.3900000,,2022-01-11 19:50:08.3900000,,
489676CB-A9DD-4B1C-8470-642F7E68A07F,Kerbal Space Program on Steam,https://store.steampowered.com/app/220200/Kerbal_Space_Program/,"In Kerbal Space Program, take charge of the space program for the alien race known as the Kerbals. You have access to an array of parts to assemble fully-functional spacecraft that flies (or doesn't) based on realistic aerodynamic and orbital physics.",39.99,Very Positive,https://cdn.cloudflare.steamstatic.com/steam/apps/220200/capsule_231x87.jpg?t=1624555019,,2022-01-11 19:50:08.3800000,,2022-01-11 19:50:08.3800000,,
1F2074D0-75C8-4712-AC3E-684E4BBF0BA4,Kerbal Space Program on Steam,https://store.steampowered.com/app/220200/Kerbal_Space_Program/,"In Kerbal Space Program, take charge of the space program for the alien race known as the Kerbals. You have access to an array of parts to assemble fully-functional spacecraft that flies (or doesn't) based on realistic aerodynamic and orbital physics.",39.99,Very Positive,https://cdn.cloudflare.steamstatic.com/steam/apps/220200/capsule_231x87.jpg?t=1624555019,,2022-01-11 19:50:07.0700000,,2022-01-11 19:50:07.0700000,,
2F6C32B9-F92B-4B7E-9933-69A49FB4F0FD,Kerbal Space Program on Steam,https://store.steampowered.com/app/220200/Kerbal_Space_Program/,"In Kerbal Space Program, take charge of the space program for the alien race known as the Kerbals. You have access to an array of parts to assemble fully-functional spacecraft that flies (or doesn't) based on realistic aerodynamic and orbital physics.",39.99,Very Positive,https://cdn.cloudflare.steamstatic.com/steam/apps/220200/capsule_231x87.jpg?t=1624555019,,2022-01-11 19:50:07.0566667,,2022-01-11 19:50:07.0566667,,
82B4F943-A8A7-45A1-A4A1-6AE797D5F1FB,Kerbal Space Program on Steam,https://store.steampowered.com/app/220200/Kerbal_Space_Program/,"In Kerbal Space Program, take charge of the space program for the alien race known as the Kerbals. You have access to an array of parts to assemble fully-functional spacecraft that flies (or doesn't) based on realistic aerodynamic and orbital physics.",39.99,Very Positive,https://cdn.cloudflare.steamstatic.com/steam/apps/220200/capsule_231x87.jpg?t=1624555019,,2022-01-11 19:50:08.4466667,,2022-01-11 19:50:08.4466667,,
C6882AE9-C61B-42D3-80B9-6C4DA460FF12,Kerbal Space Program on Steam,https://store.steampowered.com/app/220200/Kerbal_Space_Program/,"In Kerbal Space Program, take charge of the space program for the alien race known as the Kerbals. You have access to an array of parts to assemble fully-functional spacecraft that flies (or doesn't) based on realistic aerodynamic and orbital physics.",39.99,Very Positive,https://cdn.cloudflare.steamstatic.com/steam/apps/220200/capsule_231x87.jpg?t=1624555019,,2022-01-11 19:50:07.2866667,,2022-01-11 19:50:07.2866667,,
3DF9F94A-EB28-4074-BB09-6D65B6ADCB36,Kerbal Space Program on Steam,https://store.steampowered.com/app/220200/Kerbal_Space_Program/,"In Kerbal Space Program, take charge of the space program for the alien race known as the Kerbals. You have access to an array of parts to assemble fully-functional spacecraft that flies (or doesn't) based on realistic aerodynamic and orbital physics.",39.99,Very Positive,https://cdn.cloudflare.steamstatic.com/steam/apps/220200/capsule_231x87.jpg?t=1624555019,,2022-01-11 19:50:08.3666667,,2022-01-11 19:50:08.3666667,,
E946104F-BFD5-4CEF-9A21-715A1F7F97D1,Kerbal Space Program on Steam,https://store.steampowered.com/app/220200/Kerbal_Space_Program/,"In Kerbal Space Program, take charge of the space program for the alien race known as the Kerbals. You have access to an array of parts to assemble fully-functional spacecraft that flies (or doesn't) based on realistic aerodynamic and orbital physics.",39.99,Very Positive,https://cdn.cloudflare.steamstatic.com/steam/apps/220200/capsule_231x87.jpg?t=1624555019,,2022-01-11 19:50:08.1200000,,2022-01-11 19:50:08.1200000,,
7979E245-906C-4C17-855F-71887A3E13C8,Kerbal Space Program on Steam,https://store.steampowered.com/app/220200/Kerbal_Space_Program/,"In Kerbal Space Program, take charge of the space program for the alien race known as the Kerbals. You have access to an array of parts to assemble fully-functional spacecraft that flies (or doesn't) based on realistic aerodynamic and orbital physics.",39.99,Very Positive,https://cdn.cloudflare.steamstatic.com/steam/apps/220200/capsule_231x87.jpg?t=1624555019,,2022-01-11 19:50:07.6000000,,2022-01-11 19:50:07.6000000,,
FFF9D3F8-D691-4298-9533-71FA2F62650F,Kerbal Space Program on Steam,https://store.steampowered.com/app/220200/Kerbal_Space_Program/,"In Kerbal Space Program, take charge of the space program for the alien race known as the Kerbals. You have access to an array of parts to assemble fully-functional spacecraft that flies (or doesn't) based on realistic aerodynamic and orbital physics.",39.99,Very Positive,https://cdn.cloudflare.steamstatic.com/steam/apps/220200/capsule_231x87.jpg?t=1624555019,,2022-01-11 19:50:08.0900000,,2022-01-11 19:50:08.0900000,,
3463C235-D6CF-41BE-9F33-7547C03AD708,Kerbal Space Program on Steam,https://store.steampowered.com/app/220200/Kerbal_Space_Program/,"In Kerbal Space Program, take charge of the space program for the alien race known as the Kerbals. You have access to an array of parts to assemble fully-functional spacecraft that flies (or doesn't) based on realistic aerodynamic and orbital physics.",39.99,Very Positive,https://cdn.cloudflare.steamstatic.com/steam/apps/220200/capsule_231x87.jpg?t=1624555019,,2022-01-11 19:50:08.3533333,,2022-01-11 19:50:08.3533333,,
B29C1B7B-6005-4E8D-8F50-7A27BCA5464D,Kerbal Space Program on Steam,https://store.steampowered.com/app/220200/Kerbal_Space_Program/,"In Kerbal Space Program, take charge of the space program for the alien race known as the Kerbals. You have access to an array of parts to assemble fully-functional spacecraft that flies (or doesn't) based on realistic aerodynamic and orbital physics.",39.99,Very Positive,https://cdn.cloudflare.steamstatic.com/steam/apps/220200/capsule_231x87.jpg?t=1624555019,,2022-01-11 19:50:07.8233333,,2022-01-11 19:50:07.8233333,,
6F5868C0-BDE8-4057-9B75-7BFB27233466,Kerbal Space Program on Steam,https://store.steampowered.com/app/220200/Kerbal_Space_Program/,"In Kerbal Space Program, take charge of the space program for the alien race known as the Kerbals. You have access to an array of parts to assemble fully-functional spacecraft that flies (or doesn't) based on realistic aerodynamic and orbital physics.",39.99,Very Positive,https://cdn.cloudflare.steamstatic.com/steam/apps/220200/capsule_231x87.jpg?t=1624555019,,2022-01-11 19:50:08.3100000,,2022-01-11 19:50:08.3100000,,
A76E8D77-B55A-4793-9A1A-7DFC36CD5E94,Kerbal Space Program on Steam,https://store.steampowered.com/app/220200/Kerbal_Space_Program/,"In Kerbal Space Program, take charge of the space program for the alien race known as the Kerbals. You have access to an array of parts to assemble fully-functional spacecraft that flies (or doesn't) based on realistic aerodynamic and orbital physics.",39.99,Very Positive,https://cdn.cloudflare.steamstatic.com/steam/apps/220200/capsule_231x87.jpg?t=1624555019,,2022-01-11 19:50:07.5866667,,2022-01-11 19:50:07.5866667,,
D0671CBE-8B8E-40B8-A742-8927074C6298,Kerbal Space Program on Steam,https://store.steampowered.com/app/220200/Kerbal_Space_Program/,"In Kerbal Space Program, take charge of the space program for the alien race known as the Kerbals. You have access to an array of parts to assemble fully-functional spacecraft that flies (or doesn't) based on realistic aerodynamic and orbital physics.",39.99,Very Positive,https://cdn.cloudflare.steamstatic.com/steam/apps/220200/capsule_231x87.jpg?t=1624555019,,2022-01-11 19:50:07.3700000,,2022-01-11 19:50:07.3700000,,
01CC6275-2807-4D1A-966E-89461296993F,Kerbal Space Program on Steam,https://store.steampowered.com/app/220200/Kerbal_Space_Program/,"In Kerbal Space Program, take charge of the space program for the alien race known as the Kerbals. You have access to an array of parts to assemble fully-functional spacecraft that flies (or doesn't) based on realistic aerodynamic and orbital physics.",39.99,Very Positive,https://cdn.cloudflare.steamstatic.com/steam/apps/220200/capsule_231x87.jpg?t=1624555019,,2022-01-11 19:50:06.9900000,,2022-01-11 19:50:06.9900000,,
26062DC2-909E-4833-9268-8CF8C05AB270,Kerbal Space Program on Steam,https://store.steampowered.com/app/220200/Kerbal_Space_Program/,"In Kerbal Space Program, take charge of the space program for the alien race known as the Kerbals. You have access to an array of parts to assemble fully-functional spacecraft that flies (or doesn't) based on realistic aerodynamic and orbital physics.",39.99,Very Positive,https://cdn.cloudflare.steamstatic.com/steam/apps/220200/capsule_231x87.jpg?t=1624555019,,2022-01-11 19:50:07.8900000,,2022-01-11 19:50:07.8900000,,
29CE919D-542A-42AA-9266-8F03C09B25C7,Kerbal Space Program on Steam,https://store.steampowered.com/app/220200/Kerbal_Space_Program/,"In Kerbal Space Program, take charge of the space program for the alien race known as the Kerbals. You have access to an array of parts to assemble fully-functional spacecraft that flies (or doesn't) based on realistic aerodynamic and orbital physics.",39.99,Very Positive,https://cdn.cloudflare.steamstatic.com/steam/apps/220200/capsule_231x87.jpg?t=1624555019,,2022-01-11 19:50:08.1033333,,2022-01-11 19:50:08.1033333,,
C8B4936F-6152-4527-9A02-9245BF2C2DCE,Kerbal Space Program on Steam,https://store.steampowered.com/app/220200/Kerbal_Space_Program/,"In Kerbal Space Program, take charge of the space program for the alien race known as the Kerbals. You have access to an array of parts to assemble fully-functional spacecraft that flies (or doesn't) based on realistic aerodynamic and orbital physics.",39.99,Very Positive,https://cdn.cloudflare.steamstatic.com/steam/apps/220200/capsule_231x87.jpg?t=1624555019,,2022-01-11 19:50:07.7533333,,2022-01-11 19:50:07.7533333,,
9CF14375-331A-4907-AD9F-97DC181D11D2,Kerbal Space Program on Steam,https://store.steampowered.com/app/220200/Kerbal_Space_Program/,"In Kerbal Space Program, take charge of the space program for the alien race known as the Kerbals. You have access to an array of parts to assemble fully-functional spacecraft that flies (or doesn't) based on realistic aerodynamic and orbital physics.",39.99,Very Positive,https://cdn.cloudflare.steamstatic.com/steam/apps/220200/capsule_231x87.jpg?t=1624555019,,2022-01-11 19:50:08.0366667,,2022-01-11 19:50:08.0366667,,
8C934221-5577-443B-A8B0-99B96864315F,Kerbal Space Program on Steam,https://store.steampowered.com/app/220200/Kerbal_Space_Program/,"In Kerbal Space Program, take charge of the space program for the alien race known as the Kerbals. You have access to an array of parts to assemble fully-functional spacecraft that flies (or doesn't) based on realistic aerodynamic and orbital physics.",39.99,Very Positive,https://cdn.cloudflare.steamstatic.com/steam/apps/220200/capsule_231x87.jpg?t=1624555019,,2022-01-11 19:50:06.9366667,,2022-01-11 19:50:06.9366667,,
AFCA08EB-8478-4880-811E-9E8BB723BF14,Kerbal Space Program on Steam,https://store.steampowered.com/app/220200/Kerbal_Space_Program/,"In Kerbal Space Program, take charge of the space program for the alien race known as the Kerbals. You have access to an array of parts to assemble fully-functional spacecraft that flies (or doesn't) based on realistic aerodynamic and orbital physics.",39.99,Very Positive,https://cdn.cloudflare.steamstatic.com/steam/apps/220200/capsule_231x87.jpg?t=1624555019,,2022-01-11 19:50:07.3566667,,2022-01-11 19:50:07.3566667,,
4D54C790-E277-4A52-A005-9F9315140507,Kerbal Space Program on Steam,https://store.steampowered.com/app/220200/Kerbal_Space_Program/,"In Kerbal Space Program, take charge of the space program for the alien race known as the Kerbals. You have access to an array of parts to assemble fully-functional spacecraft that flies (or doesn't) based on realistic aerodynamic and orbital physics.",39.99,Very Positive,https://cdn.cloudflare.steamstatic.com/steam/apps/220200/capsule_231x87.jpg?t=1624555019,,2022-01-11 19:50:07.9066667,,2022-01-11 19:50:07.9066667,,
F45632C6-40EB-4C8F-8750-A068EFE9F03F,Kerbal Space Program on Steam,https://store.steampowered.com/app/220200/Kerbal_Space_Program/,"In Kerbal Space Program, take charge of the space program for the alien race known as the Kerbals. You have access to an array of parts to assemble fully-functional spacecraft that flies (or doesn't) based on realistic aerodynamic and orbital physics.",39.99,Very Positive,https://cdn.cloudflare.steamstatic.com/steam/apps/220200/capsule_231x87.jpg?t=1624555019,,2022-01-11 19:50:07.2566667,,2022-01-11 19:50:07.2566667,,
A8B5F4B8-B094-42EF-93CC-A0CE7F967B73,Kerbal Space Program on Steam,https://store.steampowered.com/app/220200/Kerbal_Space_Program/,"In Kerbal Space Program, take charge of the space program for the alien race known as the Kerbals. You have access to an array of parts to assemble fully-functional spacecraft that flies (or doesn't) based on realistic aerodynamic and orbital physics.",39.99,Very Positive,https://cdn.cloudflare.steamstatic.com/steam/apps/220200/capsule_231x87.jpg?t=1624555019,,2022-01-11 19:50:08.1733333,,2022-01-11 19:50:08.1733333,,
3FAF9078-AA38-432E-8A46-A10580A1AD61,Kerbal Space Program on Steam,https://store.steampowered.com/app/220200/Kerbal_Space_Program/,"In Kerbal Space Program, take charge of the space program for the alien race known as the Kerbals. You have access to an array of parts to assemble fully-functional spacecraft that flies (or doesn't) based on realistic aerodynamic and orbital physics.",39.99,Very Positive,https://cdn.cloudflare.steamstatic.com/steam/apps/220200/capsule_231x87.jpg?t=1624555019,,2022-01-11 19:50:07.0300000,,2022-01-11 19:50:07.0300000,,
B3B1055A-6E37-43A1-A209-A2192F04A549,Kerbal Space Program on Steam,https://store.steampowered.com/app/220200/Kerbal_Space_Program/,"In Kerbal Space Program, take charge of the space program for the alien race known as the Kerbals. You have access to an array of parts to assemble fully-functional spacecraft that flies (or doesn't) based on realistic aerodynamic and orbital physics.",39.99,Very Positive,https://cdn.cloudflare.steamstatic.com/steam/apps/220200/capsule_231x87.jpg?t=1624555019,,2022-01-11 19:50:07.5600000,,2022-01-11 19:50:07.5600000,,
446CB9BB-12EB-4236-9F54-A6FFA0885DD3,Kerbal Space Program on Steam,https://store.steampowered.com/app/220200/Kerbal_Space_Program/,"In Kerbal Space Program, take charge of the space program for the alien race known as the Kerbals. You have access to an array of parts to assemble fully-functional spacecraft that flies (or doesn't) based on realistic aerodynamic and orbital physics.",39.99,Very Positive,https://cdn.cloudflare.steamstatic.com/steam/apps/220200/capsule_231x87.jpg?t=1624555019,,2022-01-11 19:50:07.0166667,,2022-01-11 19:50:07.0166667,,
9D1C8A06-B3C2-4EAA-924D-A839956A938D,Kerbal Space Program on Steam,https://store.steampowered.com/app/220200/Kerbal_Space_Program/,"In Kerbal Space Program, take charge of the space program for the alien race known as the Kerbals. You have access to an array of parts to assemble fully-functional spacecraft that flies (or doesn't) based on realistic aerodynamic and orbital physics.",39.99,Very Positive,https://cdn.cloudflare.steamstatic.com/steam/apps/220200/capsule_231x87.jpg?t=1624555019,,2022-01-11 19:50:07.1600000,,2022-01-11 19:50:07.1600000,,
90C0031F-7016-4C4F-BF0F-A9DAE9CCC4C1,Kerbal Space Program on Steam,https://store.steampowered.com/app/220200/Kerbal_Space_Program/,"In Kerbal Space Program, take charge of the space program for the alien race known as the Kerbals. You have access to an array of parts to assemble fully-functional spacecraft that flies (or doesn't) based on realistic aerodynamic and orbital physics.",39.99,Very Positive,https://cdn.cloudflare.steamstatic.com/steam/apps/220200/capsule_231x87.jpg?t=1624555019,,2022-01-11 19:50:07.8766667,,2022-01-11 19:50:07.8766667,,
ADBEF76D-A5AD-44E0-A6C1-AC800F3314AB,Kerbal Space Program on Steam,https://store.steampowered.com/app/220200/Kerbal_Space_Program/,"In Kerbal Space Program, take charge of the space program for the alien race known as the Kerbals. You have access to an array of parts to assemble fully-functional spacecraft that flies (or doesn't) based on realistic aerodynamic and orbital physics.",39.99,Very Positive,https://cdn.cloudflare.steamstatic.com/steam/apps/220200/capsule_231x87.jpg?t=1624555019,,2022-01-11 19:50:08.2266667,,2022-01-11 19:50:08.2266667,,
4EFDF9F3-1ED7-4BB4-8E6A-AE526A4FFBA9,Kerbal Space Program on Steam,https://store.steampowered.com/app/220200/Kerbal_Space_Program/,"In Kerbal Space Program, take charge of the space program for the alien race known as the Kerbals. You have access to an array of parts to assemble fully-functional spacecraft that flies (or doesn't) based on realistic aerodynamic and orbital physics.",39.99,Very Positive,https://cdn.cloudflare.steamstatic.com/steam/apps/220200/capsule_231x87.jpg?t=1624555019,,2022-01-11 19:50:07.3133333,,2022-01-11 19:50:07.3133333,,
530630D5-2245-4729-A136-AF4B4D3B9D44,Kerbal Space Program on Steam,https://store.steampowered.com/app/220200/Kerbal_Space_Program/,"In Kerbal Space Program, take charge of the space program for the alien race known as the Kerbals. You have access to an array of parts to assemble fully-functional spacecraft that flies (or doesn't) based on realistic aerodynamic and orbital physics.",39.99,Very Positive,https://cdn.cloudflare.steamstatic.com/steam/apps/220200/capsule_231x87.jpg?t=1624555019,,2022-01-11 19:50:08.4900000,,2022-01-11 19:50:08.4900000,,
7BE51A04-B5E8-4165-9CC6-AF7ED3D6181C,Kerbal Space Program on Steam,https://store.steampowered.com/app/220200/Kerbal_Space_Program/,"In Kerbal Space Program, take charge of the space program for the alien race known as the Kerbals. You have access to an array of parts to assemble fully-functional spacecraft that flies (or doesn't) based on realistic aerodynamic and orbital physics.",39.99,Very Positive,https://cdn.cloudflare.steamstatic.com/steam/apps/220200/capsule_231x87.jpg?t=1624555019,,2022-01-11 19:50:07.2700000,,2022-01-11 19:50:07.2700000,,
6BF52B36-5B17-4297-8044-B1F0D11C3168,Kerbal Space Program on Steam,https://store.steampowered.com/app/220200/Kerbal_Space_Program/,"In Kerbal Space Program, take charge of the space program for the alien race known as the Kerbals. You have access to an array of parts to assemble fully-functional spacecraft that flies (or doesn't) based on realistic aerodynamic and orbital physics.",39.99,Very Positive,https://cdn.cloudflare.steamstatic.com/steam/apps/220200/capsule_231x87.jpg?t=1624555019,,2022-01-11 19:50:07.1000000,,2022-01-11 19:50:07.1000000,,
BA548224-E91C-4DD1-AB95-B21B9195DF75,Kerbal Space Program on Steam,https://store.steampowered.com/app/220200/Kerbal_Space_Program/,"In Kerbal Space Program, take charge of the space program for the alien race known as the Kerbals. You have access to an array of parts to assemble fully-functional spacecraft that flies (or doesn't) based on realistic aerodynamic and orbital physics.",39.99,Very Positive,https://cdn.cloudflare.steamstatic.com/steam/apps/220200/capsule_231x87.jpg?t=1624555019,,2022-01-11 19:50:07.4900000,,2022-01-11 19:50:07.4900000,,
3C408BEB-35DD-43AC-94C9-B38A1CD66B58,Kerbal Space Program on Steam,https://store.steampowered.com/app/220200/Kerbal_Space_Program/,"In Kerbal Space Program, take charge of the space program for the alien race known as the Kerbals. You have access to an array of parts to assemble fully-functional spacecraft that flies (or doesn't) based on realistic aerodynamic and orbital physics.",39.99,Very Positive,https://cdn.cloudflare.steamstatic.com/steam/apps/220200/capsule_231x87.jpg?t=1624555019,,2022-01-11 19:50:07.5200000,,2022-01-11 19:50:07.5200000,,
32050A04-4729-4B9A-88FD-B47EA9A79F29,Kerbal Space Program on Steam,https://store.steampowered.com/app/220200/Kerbal_Space_Program/,"In Kerbal Space Program, take charge of the space program for the alien race known as the Kerbals. You have access to an array of parts to assemble fully-functional spacecraft that flies (or doesn't) based on realistic aerodynamic and orbital physics.",39.99,Very Positive,https://cdn.cloudflare.steamstatic.com/steam/apps/220200/capsule_231x87.jpg?t=1624555019,,2022-01-11 19:50:08.2000000,,2022-01-11 19:50:08.2000000,,
C8266620-F651-4D4C-95EB-B4F960E852DC,Kerbal Space Program on Steam,https://store.steampowered.com/app/220200/Kerbal_Space_Program/,"In Kerbal Space Program, take charge of the space program for the alien race known as the Kerbals. You have access to an array of parts to assemble fully-functional spacecraft that flies (or doesn't) based on realistic aerodynamic and orbital physics.",39.99,Very Positive,https://cdn.cloudflare.steamstatic.com/steam/apps/220200/capsule_231x87.jpg?t=1624555019,,2022-01-11 19:50:07.5066667,,2022-01-11 19:50:07.5066667,,
F8AF9C61-1630-4430-A833-B6E069D58E88,Kerbal Space Program on Steam,https://store.steampowered.com/app/220200/Kerbal_Space_Program/,"In Kerbal Space Program, take charge of the space program for the alien race known as the Kerbals. You have access to an array of parts to assemble fully-functional spacecraft that flies (or doesn't) based on realistic aerodynamic and orbital physics.",39.99,Very Positive,https://cdn.cloudflare.steamstatic.com/steam/apps/220200/capsule_231x87.jpg?t=1624555019,,2022-01-11 19:50:08.1866667,,2022-01-11 19:50:08.1866667,,
F848AE99-B7ED-4E50-89DC-B6F9FD0CE37D,Kerbal Space Program on Steam,https://store.steampowered.com/app/220200/Kerbal_Space_Program/,"In Kerbal Space Program, take charge of the space program for the alien race known as the Kerbals. You have access to an array of parts to assemble fully-functional spacecraft that flies (or doesn't) based on realistic aerodynamic and orbital physics.",39.99,Very Positive,https://cdn.cloudflare.steamstatic.com/steam/apps/220200/capsule_231x87.jpg?t=1624555019,,2022-01-11 19:50:08.4066667,,2022-01-11 19:50:08.4066667,,
9F6BB247-B6FA-4B47-9231-B745FE9D4FEA,Kerbal Space Program on Steam,https://store.steampowered.com/app/220200/Kerbal_Space_Program/,"In Kerbal Space Program, take charge of the space program for the alien race known as the Kerbals. You have access to an array of parts to assemble fully-functional spacecraft that flies (or doesn't) based on realistic aerodynamic and orbital physics.",39.99,Very Positive,https://cdn.cloudflare.steamstatic.com/steam/apps/220200/capsule_231x87.jpg?t=1624555019,,2022-01-11 19:50:08.2400000,,2022-01-11 19:50:08.2400000,,
DB76F708-B6D5-496B-AC8C-B8A48845E890,Kerbal Space Program on Steam,https://store.steampowered.com/app/220200/Kerbal_Space_Program/,"In Kerbal Space Program, take charge of the space program for the alien race known as the Kerbals. You have access to an array of parts to assemble fully-functional spacecraft that flies (or doesn't) based on realistic aerodynamic and orbital physics.",39.99,Very Positive,https://cdn.cloudflare.steamstatic.com/steam/apps/220200/capsule_231x87.jpg?t=1624555019,,2022-01-11 19:50:07.4500000,,2022-01-11 19:50:07.4500000,,
936267D2-1598-4670-B2D4-B99E5D9BFC83,Kerbal Space Program on Steam,https://store.steampowered.com/app/220200/Kerbal_Space_Program/,"In Kerbal Space Program, take charge of the space program for the alien race known as the Kerbals. You have access to an array of parts to assemble fully-functional spacecraft that flies (or doesn't) based on realistic aerodynamic and orbital physics.",39.99,Very Positive,https://cdn.cloudflare.steamstatic.com/steam/apps/220200/capsule_231x87.jpg?t=1624555019,,2022-01-11 19:50:07.8500000,,2022-01-11 19:50:07.8500000,,
5F2C7092-415A-4A65-8D80-BC6284173207,Kerbal Space Program on Steam,https://store.steampowered.com/app/220200/Kerbal_Space_Program/,"In Kerbal Space Program, take charge of the space program for the alien race known as the Kerbals. You have access to an array of parts to assemble fully-functional spacecraft that flies (or doesn't) based on realistic aerodynamic and orbital physics.",39.99,Very Positive,https://cdn.cloudflare.steamstatic.com/steam/apps/220200/capsule_231x87.jpg?t=1624555019,,2022-01-11 19:50:08.5033333,,2022-01-11 19:50:08.5033333,,
81A4E83A-4FAC-4732-B896-BC9660376D94,Kerbal Space Program on Steam,https://store.steampowered.com/app/220200/Kerbal_Space_Program/,"In Kerbal Space Program, take charge of the space program for the alien race known as the Kerbals. You have access to an array of parts to assemble fully-functional spacecraft that flies (or doesn't) based on realistic aerodynamic and orbital physics.",39.99,Very Positive,https://cdn.cloudflare.steamstatic.com/steam/apps/220200/capsule_231x87.jpg?t=1624555019,,2022-01-11 19:50:08.2133333,,2022-01-11 19:50:08.2133333,,
9C81CEA6-4A2B-47FF-91FA-C183CDDEA002,Kerbal Space Program on Steam,https://store.steampowered.com/app/220200/Kerbal_Space_Program/,"In Kerbal Space Program, take charge of the space program for the alien race known as the Kerbals. You have access to an array of parts to assemble fully-functional spacecraft that flies (or doesn't) based on realistic aerodynamic and orbital physics.",39.99,Very Positive,https://cdn.cloudflare.steamstatic.com/steam/apps/220200/capsule_231x87.jpg?t=1624555019,,2022-01-11 19:50:07.3966667,,2022-01-11 19:50:07.3966667,,
EACA116D-F78D-4FD7-B5A8-C3C424C3504E,Kerbal Space Program on Steam,https://store.steampowered.com/app/220200/Kerbal_Space_Program/,"In Kerbal Space Program, take charge of the space program for the alien race known as the Kerbals. You have access to an array of parts to assemble fully-functional spacecraft that flies (or doesn't) based on realistic aerodynamic and orbital physics.",39.99,Very Positive,https://cdn.cloudflare.steamstatic.com/steam/apps/220200/capsule_231x87.jpg?t=1624555019,,2022-01-11 19:50:07.1466667,,2022-01-11 19:50:07.1466667,,
DD550D2E-E464-4C6D-BF5A-C5B429C05EC6,Kerbal Space Program on Steam,https://store.steampowered.com/app/220200/Kerbal_Space_Program/,"In Kerbal Space Program, take charge of the space program for the alien race known as the Kerbals. You have access to an array of parts to assemble fully-functional spacecraft that flies (or doesn't) based on realistic aerodynamic and orbital physics.",39.99,Very Positive,https://cdn.cloudflare.steamstatic.com/steam/apps/220200/capsule_231x87.jpg?t=1624555019,,2022-01-11 19:50:07.1900000,,2022-01-11 19:50:07.1900000,,
51B38554-1CA3-489E-AD44-C79036E2EFF8,Kerbal Space Program on Steam,https://store.steampowered.com/app/220200/Kerbal_Space_Program/,"In Kerbal Space Program, take charge of the space program for the alien race known as the Kerbals. You have access to an array of parts to assemble fully-functional spacecraft that flies (or doesn't) based on realistic aerodynamic and orbital physics.",39.99,Very Positive,https://cdn.cloudflare.steamstatic.com/steam/apps/220200/capsule_231x87.jpg?t=1624555019,,2022-01-11 19:50:07.3266667,,2022-01-11 19:50:07.3266667,,
589DEA3E-9E6D-4A4D-BC09-C8BCEE69CECF,Kerbal Space Program on Steam,https://store.steampowered.com/app/220200/Kerbal_Space_Program/,"In Kerbal Space Program, take charge of the space program for the alien race known as the Kerbals. You have access to an array of parts to assemble fully-functional spacecraft that flies (or doesn't) based on realistic aerodynamic and orbital physics.",39.99,Very Positive,https://cdn.cloudflare.steamstatic.com/steam/apps/220200/capsule_231x87.jpg?t=1624555019,,2022-01-11 19:50:08.4766667,,2022-01-11 19:50:08.4766667,,
2D73D00B-596C-43F2-B3EE-CC1EE14DB8A1,Kerbal Space Program on Steam,https://store.steampowered.com/app/220200/Kerbal_Space_Program/,"In Kerbal Space Program, take charge of the space program for the alien race known as the Kerbals. You have access to an array of parts to assemble fully-functional spacecraft that flies (or doesn't) based on realistic aerodynamic and orbital physics.",39.99,Very Positive,https://cdn.cloudflare.steamstatic.com/steam/apps/220200/capsule_231x87.jpg?t=1624555019,,2022-01-11 19:50:08.2533333,,2022-01-11 19:50:08.2533333,,
9EADDD1A-E7C5-4CEB-8476-CC413667C523,Kerbal Space Program on Steam,https://store.steampowered.com/app/220200/Kerbal_Space_Program/,"In Kerbal Space Program, take charge of the space program for the alien race known as the Kerbals. You have access to an array of parts to assemble fully-functional spacecraft that flies (or doesn't) based on realistic aerodynamic and orbital physics.",39.99,Very Positive,https://cdn.cloudflare.steamstatic.com/steam/apps/220200/capsule_231x87.jpg?t=1624555019,,2022-01-11 19:50:07.7666667,,2022-01-11 19:50:07.7666667,,
7E50A386-FF15-417A-9920-CE3897C0FAC7,Kerbal Space Program on Steam,https://store.steampowered.com/app/220200/Kerbal_Space_Program/,"In Kerbal Space Program, take charge of the space program for the alien race known as the Kerbals. You have access to an array of parts to assemble fully-functional spacecraft that flies (or doesn't) based on realistic aerodynamic and orbital physics.",39.99,Very Positive,https://cdn.cloudflare.steamstatic.com/steam/apps/220200/capsule_231x87.jpg?t=1624555019,,2022-01-11 19:50:07.4100000,,2022-01-11 19:50:07.4100000,,
2854BA99-8B8A-4682-94E8-D0DB8952DF1A,Kerbal Space Program on Steam,https://store.steampowered.com/app/220200/Kerbal_Space_Program/,"In Kerbal Space Program, take charge of the space program for the alien race known as the Kerbals. You have access to an array of parts to assemble fully-functional spacecraft that flies (or doesn't) based on realistic aerodynamic and orbital physics.",39.99,Very Positive,https://cdn.cloudflare.steamstatic.com/steam/apps/220200/capsule_231x87.jpg?t=1624555019,,2022-01-11 19:50:08.3266667,,2022-01-11 19:50:08.3266667,,
CD89989D-92AB-4893-BEF1-D0E005611A24,Kerbal Space Program on Steam,https://store.steampowered.com/app/220200/Kerbal_Space_Program/,"In Kerbal Space Program, take charge of the space program for the alien race known as the Kerbals. You have access to an array of parts to assemble fully-functional spacecraft that flies (or doesn't) based on realistic aerodynamic and orbital physics.",39.99,Very Positive,https://cdn.cloudflare.steamstatic.com/steam/apps/220200/capsule_231x87.jpg?t=1624555019,,2022-01-11 19:50:08.1600000,,2022-01-11 19:50:08.1600000,,
6A4F3335-90FE-4487-BA67-D9FABB7F0BD3,Kerbal Space Program on Steam,https://store.steampowered.com/app/220200/Kerbal_Space_Program/,"In Kerbal Space Program, take charge of the space program for the alien race known as the Kerbals. You have access to an array of parts to assemble fully-functional spacecraft that flies (or doesn't) based on realistic aerodynamic and orbital physics.",39.99,Very Positive,https://cdn.cloudflare.steamstatic.com/steam/apps/220200/capsule_231x87.jpg?t=1624555019,,2022-01-11 19:50:07.3833333,,2022-01-11 19:50:07.3833333,,
390DA44B-076F-4CC7-8883-DA12312A7524,Kerbal Space Program on Steam,https://store.steampowered.com/app/220200/Kerbal_Space_Program/,"In Kerbal Space Program, take charge of the space program for the alien race known as the Kerbals. You have access to an array of parts to assemble fully-functional spacecraft that flies (or doesn't) based on realistic aerodynamic and orbital physics.",39.99,Very Positive,https://cdn.cloudflare.steamstatic.com/steam/apps/220200/capsule_231x87.jpg?t=1624555019,,2022-01-11 19:50:07.6433333,,2022-01-11 19:50:07.6433333,,
8ED2DD70-70C4-449B-A18F-DA7F53D0BFA3,Kerbal Space Program on Steam,https://store.steampowered.com/app/220200/Kerbal_Space_Program/,"In Kerbal Space Program, take charge of the space program for the alien race known as the Kerbals. You have access to an array of parts to assemble fully-functional spacecraft that flies (or doesn't) based on realistic aerodynamic and orbital physics.",39.99,Very Positive,https://cdn.cloudflare.steamstatic.com/steam/apps/220200/capsule_231x87.jpg?t=1624555019,,2022-01-11 19:50:08.3400000,,2022-01-11 19:50:08.3400000,,
F83452B5-DFC1-4177-9788-DD6B3A79E61C,Kerbal Space Program on Steam,https://store.steampowered.com/app/220200/Kerbal_Space_Program/,"In Kerbal Space Program, take charge of the space program for the alien race known as the Kerbals. You have access to an array of parts to assemble fully-functional spacecraft that flies (or doesn't) based on realistic aerodynamic and orbital physics.",39.99,Very Positive,https://cdn.cloudflare.steamstatic.com/steam/apps/220200/capsule_231x87.jpg?t=1624555019,,2022-01-11 19:50:08.5433333,,2022-01-11 19:50:08.5433333,,
F8F90832-DB06-42A5-84FC-E25033AFDAF9,Kerbal Space Program on Steam,https://store.steampowered.com/app/220200/Kerbal_Space_Program/,"In Kerbal Space Program, take charge of the space program for the alien race known as the Kerbals. You have access to an array of parts to assemble fully-functional spacecraft that flies (or doesn't) based on realistic aerodynamic and orbital physics.",39.99,Very Positive,https://cdn.cloudflare.steamstatic.com/steam/apps/220200/capsule_231x87.jpg?t=1624555019,,2022-01-11 19:50:07.2433333,,2022-01-11 19:50:07.2433333,,
126DCE05-A375-48E7-9361-E5E5DC58249B,Kerbal Space Program on Steam,https://store.steampowered.com/app/220200/Kerbal_Space_Program/,"In Kerbal Space Program, take charge of the space program for the alien race known as the Kerbals. You have access to an array of parts to assemble fully-functional spacecraft that flies (or doesn't) based on realistic aerodynamic and orbital physics.",39.99,Very Positive,https://cdn.cloudflare.steamstatic.com/steam/apps/220200/capsule_231x87.jpg?t=1624555019,,2022-01-11 19:50:07.6833333,,2022-01-11 19:50:07.6833333,,
1E955317-DF16-400F-B3DD-E5EFC369DE56,Kerbal Space Program on Steam,https://store.steampowered.com/app/220200/Kerbal_Space_Program/,"In Kerbal Space Program, take charge of the space program for the alien race known as the Kerbals. You have access to an array of parts to assemble fully-functional spacecraft that flies (or doesn't) based on realistic aerodynamic and orbital physics.",39.99,Very Positive,https://cdn.cloudflare.steamstatic.com/steam/apps/220200/capsule_231x87.jpg?t=1624555019,,2022-01-11 19:50:08.1466667,,2022-01-11 19:50:08.1466667,,
4178465E-4832-4634-8F27-E8E8A3FB9CC1,Kerbal Space Program on Steam,https://store.steampowered.com/app/220200/Kerbal_Space_Program/,"In Kerbal Space Program, take charge of the space program for the alien race known as the Kerbals. You have access to an array of parts to assemble fully-functional spacecraft that flies (or doesn't) based on realistic aerodynamic and orbital physics.",39.99,Very Positive,https://cdn.cloudflare.steamstatic.com/steam/apps/220200/capsule_231x87.jpg?t=1624555019,,2022-01-11 19:50:07.6566667,,2022-01-11 19:50:07.6566667,,
3F65B5BF-8BDE-4090-AE9B-EC2F923521C1,Kerbal Space Program on Steam,https://store.steampowered.com/app/220200/Kerbal_Space_Program/,"In Kerbal Space Program, take charge of the space program for the alien race known as the Kerbals. You have access to an array of parts to assemble fully-functional spacecraft that flies (or doesn't) based on realistic aerodynamic and orbital physics.",39.99,Very Positive,https://cdn.cloudflare.steamstatic.com/steam/apps/220200/capsule_231x87.jpg?t=1624555019,,2022-01-11 19:50:08.4200000,,2022-01-11 19:50:08.4200000,,
B202B3B6-B028-49E1-B07A-EC52CAB22618,Kerbal Space Program on Steam,https://store.steampowered.com/app/220200/Kerbal_Space_Program/,"In Kerbal Space Program, take charge of the space program for the alien race known as the Kerbals. You have access to an array of parts to assemble fully-functional spacecraft that flies (or doesn't) based on realistic aerodynamic and orbital physics.",39.99,Very Positive,https://cdn.cloudflare.steamstatic.com/steam/apps/220200/capsule_231x87.jpg?t=1624555019,,2022-01-11 19:50:08.0200000,,2022-01-11 19:50:08.0200000,,
B2C95202-A6D5-4B96-B7AC-EF72247325BF,Kerbal Space Program on Steam,https://store.steampowered.com/app/220200/Kerbal_Space_Program/,"In Kerbal Space Program, take charge of the space program for the alien race known as the Kerbals. You have access to an array of parts to assemble fully-functional spacecraft that flies (or doesn't) based on realistic aerodynamic and orbital physics.",39.99,Very Positive,https://cdn.cloudflare.steamstatic.com/steam/apps/220200/capsule_231x87.jpg?t=1624555019,,2022-01-11 19:50:07.8366667,,2022-01-11 19:50:07.8366667,,
6E4D77E3-EBD2-4BC4-A5E8-F06D51E70849,Kerbal Space Program on Steam,https://store.steampowered.com/app/220200/Kerbal_Space_Program/,"In Kerbal Space Program, take charge of the space program for the alien race known as the Kerbals. You have access to an array of parts to assemble fully-functional spacecraft that flies (or doesn't) based on realistic aerodynamic and orbital physics.",39.99,Very Positive,https://cdn.cloudflare.steamstatic.com/steam/apps/220200/capsule_231x87.jpg?t=1624555019,,2022-01-11 19:50:07.1300000,,2022-01-11 19:50:07.1300000,,
42124087-8CB8-4989-B968-F13C5458862C,Kerbal Space Program on Steam,https://store.steampowered.com/app/220200/Kerbal_Space_Program/,"In Kerbal Space Program, take charge of the space program for the alien race known as the Kerbals. You have access to an array of parts to assemble fully-functional spacecraft that flies (or doesn't) based on realistic aerodynamic and orbital physics.",39.99,Very Positive,https://cdn.cloudflare.steamstatic.com/steam/apps/220200/capsule_231x87.jpg?t=1624555019,,2022-01-11 19:50:08.0500000,,2022-01-11 19:50:08.0500000,,
52EFC4E1-71C9-4B7E-BEBB-F52DC9B2E589,Kerbal Space Program on Steam,https://store.steampowered.com/app/220200/Kerbal_Space_Program/,"In Kerbal Space Program, take charge of the space program for the alien race known as the Kerbals. You have access to an array of parts to assemble fully-functional spacecraft that flies (or doesn't) based on realistic aerodynamic and orbital physics.",39.99,Very Positive,https://cdn.cloudflare.steamstatic.com/steam/apps/220200/capsule_231x87.jpg?t=1624555019,,2022-01-11 19:50:06.9733333,,2022-01-11 19:50:06.9733333,,
B28C9461-8BB3-42B4-AC41-F6958ACC3A48,Kerbal Space Program on Steam,https://store.steampowered.com/app/220200/Kerbal_Space_Program/,"In Kerbal Space Program, take charge of the space program for the alien race known as the Kerbals. You have access to an array of parts to assemble fully-functional spacecraft that flies (or doesn't) based on realistic aerodynamic and orbital physics.",39.99,Very Positive,https://cdn.cloudflare.steamstatic.com/steam/apps/220200/capsule_231x87.jpg?t=1624555019,,2022-01-11 19:50:08.1333333,,2022-01-11 19:50:08.1333333,,
773ADABF-1FB0-47D6-A284-F7D6A61025F2,Kerbal Space Program on Steam,https://store.steampowered.com/app/220200/Kerbal_Space_Program/,"In Kerbal Space Program, take charge of the space program for the alien race known as the Kerbals. You have access to an array of parts to assemble fully-functional spacecraft that flies (or doesn't) based on realistic aerodynamic and orbital physics.",39.99,Very Positive,https://cdn.cloudflare.steamstatic.com/steam/apps/220200/capsule_231x87.jpg?t=1624555019,,2022-01-11 19:50:08.4633333,,2022-01-11 19:50:08.4633333,,
4C37B9FD-5DA6-4B86-A777-FB9396A685FF,Kerbal Space Program on Steam,https://store.steampowered.com/app/220200/Kerbal_Space_Program/,"In Kerbal Space Program, take charge of the space program for the alien race known as the Kerbals. You have access to an array of parts to assemble fully-functional spacecraft that flies (or doesn't) based on realistic aerodynamic and orbital physics.",39.99,Very Positive,https://cdn.cloudflare.steamstatic.com/steam/apps/220200/capsule_231x87.jpg?t=1624555019,,2022-01-11 19:50:08.0766667,,2022-01-11 19:50:08.0766667,,
1DB600DA-EF23-41F6-B6CE-FCA0EAC676A0,Kerbal Space Program on Steam,https://store.steampowered.com/app/220200/Kerbal_Space_Program/,"In Kerbal Space Program, take charge of the space program for the alien race known as the Kerbals. You have access to an array of parts to assemble fully-functional spacecraft that flies (or doesn't) based on realistic aerodynamic and orbital physics.",39.99,Very Positive,https://cdn.cloudflare.steamstatic.com/steam/apps/220200/capsule_231x87.jpg?t=1624555019,,2022-01-11 19:50:07.4766667,,2022-01-11 19:50:07.4766667,,
B3C02105-3CB9-4474-9A5A-FDF77F01D9C0,Kerbal Space Program on Steam,https://store.steampowered.com/app/220200/Kerbal_Space_Program/,"In Kerbal Space Program, take charge of the space program for the alien race known as the Kerbals. You have access to an array of parts to assemble fully-functional spacecraft that flies (or doesn't) based on realistic aerodynamic and orbital physics.",39.99,Very Positive,https://cdn.cloudflare.steamstatic.com/steam/apps/220200/capsule_231x87.jpg?t=1624555019,,2022-01-11 19:50:08.5166667,,2022-01-11 19:50:08.5166667,,
